iter	Logloss
0	0.154431533
1	0.02815623878
2	0.01811695308
3	0.006277633705
4	0.004836751804
5	0.002983862514
6	0.00226241285
7	0.002003865638
8	0.001442791075
9	0.001048763941
10	0.0008006638458
11	0.0008005567661
12	0.0008004158409
13	0.0008004814452
14	0.0008000637562
15	0.0008000637562
16	0.0008001088183
17	0.0008000765379
18	0.0007998440537
19	0.0007998447058
